External_Id__c,Account.External_Id__c,FirstName,LastName,Title,Department,Email,Phone,MobilePhone
W_Contact.1,W_Account.1,Ashley,Hansen,Dr,Training,ahansen0@cnbc.com,34-(344)799-0329,62-(126)486-2011
W_Contact.2,W_Account.2,Sharon,Moore,Mrs,Business Development,smoore1@soup.io,86-(400)859-0195,1-(778)950-7401
W_Contact.3,W_Account.3,Jerry,Carpenter,Dr,Accounting,jcarpenter2@bandcamp.com,33-(115)539-8676,62-(290)882-5442
W_Contact.4,W_Account.4,Emily,Cooper,Mrs,Training,ecooper3@ebay.co.uk,86-(363)443-1917,352-(707)687-5629
W_Contact.5,W_Account.5,Ralph,Cooper,Mrs,Support,rcooper4@t-online.de,33-(535)364-9661,375-(420)481-3543
W_Contact.6,W_Account.6,Theresa,Patterson,Ms,Sales,tpatterson5@nymag.com,62-(513)806-1532,33-(771)182-1604
W_Contact.7,W_Account.7,Mark,Washington,Rev,Marketing,mwashington6@zimbio.com,7-(594)842-0203,218-(278)453-9604
W_Contact.8,W_Account.8,Christina,Owens,Ms,Product Management,cowens7@hp.com,7-(994)731-3819,353-(457)248-5688
W_Contact.9,W_Account.9,Jose,Montgomery,Mrs,Sales,jmontgomery8@canalblog.com,62-(932)319-0483,54-(719)541-9323
W_Contact.10,W_Account.10,Jack,Edwards,Mr,Sales,jedwards9@desdev.cn,381-(214)712-5012,27-(170)595-6745
W_Contact.11,W_Account.11,Arthur,Flores,Honorable,Training,afloresa@squarespace.com,86-(211)347-6718,46-(104)326-9187
W_Contact.12,W_Account.12,George,Grant,Honorable,Business Development,ggrantb@dagondesign.com,381-(350)624-2860,351-(199)871-2092
W_Contact.13,W_Account.13,Ralph,Russell,Mr,Research and Development,rrussellc@soundcloud.com,46-(445)698-8025,33-(132)943-9705
W_Contact.14,W_Account.14,Martha,Anderson,Dr,Accounting,mandersond@mayoclinic.com,63-(415)548-8950,20-(430)438-5031
W_Contact.15,W_Account.15,Teresa,Baker,Ms,Business Development,tbakere@sciencedirect.com,93-(221)318-7988,86-(562)127-9226
W_Contact.16,W_Account.16,Fred,Rogers,Mrs,Training,frogersf@google.pl,7-(629)442-7910,86-(326)272-1768
W_Contact.17,W_Account.17,Maria,Carpenter,Mr,Business Development,mcarpenterg@imdb.com,48-(605)215-5856,237-(677)899-8910
W_Contact.18,W_Account.18,Debra,Kim,Mrs,Training,dkimh@freewebs.com,55-(565)432-0489,358-(722)427-4526
W_Contact.19,W_Account.19,Ashley,Stone,Ms,Accounting,astonei@timesonline.co.uk,63-(503)209-6667,66-(578)284-2859
W_Contact.20,W_Account.20,Jerry,Bowman,Dr,Training,jbowmanj@flickr.com,62-(296)672-9205,34-(371)383-3209
W_Contact.21,W_Account.21,Michael,Ramos,Mr,Business Development,mramosk@deviantart.com,351-(576)633-6471,1-(492)488-0831
W_Contact.22,W_Account.22,Joyce,Russell,Dr,Training,jrusselll@nature.com,962-(798)330-6888,86-(758)249-3567
W_Contact.23,W_Account.23,Wanda,Lewis,Mr,Engineering,wlewism@simplemachines.org,267-(591)335-2833,81-(134)824-6182
W_Contact.24,W_Account.24,Rebecca,Boyd,Mr,Product Management,rboydn@huffingtonpost.com,7-(667)906-2370,86-(995)413-0650
W_Contact.25,W_Account.25,Christina,Hunter,Rev,Business Development,chuntero@people.com.cn,48-(246)904-4697,62-(345)235-5238
W_Contact.26,W_Account.26,Randy,Hart,Dr,Marketing,rhartp@aol.com,381-(963)794-2965,7-(199)500-1175
W_Contact.27,W_Account.27,Donald,Hernandez,Honorable,Support,dhernandezq@dailymotion.com,86-(659)845-1712,33-(225)528-8814
W_Contact.28,W_Account.28,Benjamin,Hunt,Honorable,Support,bhuntr@aboutads.info,505-(473)290-2931,62-(702)553-8548
W_Contact.29,W_Account.29,Scott,Hart,Ms,Business Development,sharts@yellowpages.com,63-(101)875-8215,57-(247)419-0615
W_Contact.30,W_Account.30,Emily,Mills,Honorable,Engineering,emillst@illinois.edu,66-(109)343-1896,55-(305)895-3000
W_Contact.31,W_Account.31,Adam,Andrews,Ms,Sales,aandrewsu@list-manage.com,56-(294)317-2705,380-(675)513-0059
W_Contact.32,W_Account.32,David,Alexander,Honorable,Sales,dalexanderv@ca.gov,86-(221)190-7894,54-(747)532-5181
W_Contact.33,W_Account.33,Jose,Mills,Rev,Training,jmillsw@wordpress.org,45-(765)923-3118,1-(210)443-3695
W_Contact.34,W_Account.34,Marilyn,Fuller,Mr,Human Resources,mfullerx@reverbnation.com,82-(222)595-6163,504-(809)646-2502
W_Contact.35,W_Account.35,Frances,Stephens,Rev,Marketing,fstephensy@t-online.de,86-(123)148-6881,86-(593)978-5596
W_Contact.36,W_Account.36,Lois,Foster,Mr,Business Development,lfosterz@npr.org,86-(601)426-4608,46-(694)427-4631
W_Contact.37,W_Account.37,Denise,Henry,Mr,Research and Development,dhenry10@epa.gov,244-(122)250-8696,33-(733)809-4262
W_Contact.38,W_Account.38,Johnny,Cruz,Ms,Business Development,jcruz11@google.es,93-(178)904-2119,63-(647)716-5884
W_Contact.39,W_Account.39,Randy,Perez,Honorable,Marketing,rperez12@hud.gov,86-(647)427-2843,256-(906)987-5916
W_Contact.40,W_Account.40,Wayne,Morrison,Mr,Services,wmorrison13@cmu.edu,48-(542)506-7957,63-(451)516-6928
W_Contact.41,W_Account.41,Adam,Griffin,Mrs,Product Management,agriffin14@slideshare.net,54-(932)952-0999,62-(552)726-4883
W_Contact.42,W_Account.42,Jose,Rivera,Dr,Sales,jrivera15@deviantart.com,62-(277)618-8586,374-(878)606-4575
W_Contact.43,W_Account.43,Deborah,Thompson,Honorable,Training,dthompson16@yahoo.co.jp,52-(373)409-8557,84-(826)216-4814
W_Contact.44,W_Account.44,Annie,Gonzales,Honorable,Training,agonzales17@printfriendly.com,57-(309)609-5466,381-(767)732-6328
W_Contact.45,W_Account.45,Louise,Collins,Mr,Accounting,lcollins18@thetimes.co.uk,7-(193)465-9245,62-(491)438-1556
W_Contact.46,W_Account.46,Eric,Hall,Mrs,Business Development,ehall19@bravesites.com,63-(511)410-5377,86-(391)703-7896
W_Contact.47,W_Account.47,Amanda,Woods,Ms,Human Resources,awoods1a@mozilla.org,55-(616)498-8981,86-(290)770-7510
W_Contact.48,W_Account.48,Roger,Bennett,Ms,Support,rbennett1b@seesaa.net,86-(611)574-8243,52-(928)971-0507
W_Contact.49,W_Account.49,Susan,Nichols,Mr,Accounting,snichols1c@uol.com.br,86-(432)749-1519,254-(544)480-5608
W_Contact.50,W_Account.50,Louis,Gilbert,Rev,Marketing,lgilbert1d@flickr.com,81-(965)705-5424,49-(169)562-1285
W_Contact.51,W_Account.51,Martha,Greene,Ms,Sales,mgreene1e@independent.co.uk,998-(617)869-2182,996-(225)360-0588
W_Contact.52,W_Account.52,Bonnie,Thomas,Dr,Sales,bthomas1f@usatoday.com,33-(785)513-4426,81-(341)183-4130
W_Contact.53,W_Account.53,Jeffrey,Reyes,Mr,Product Management,jreyes1g@tuttocitta.it,55-(663)876-5728,386-(814)470-0157
W_Contact.54,W_Account.54,Jane,Perez,Dr,Product Management,jperez1h@biblegateway.com,86-(877)807-4263,86-(373)181-4691
W_Contact.55,W_Account.55,Ralph,Collins,Dr,Support,rcollins1i@ocn.ne.jp,351-(302)289-1646,46-(697)949-1972
W_Contact.56,W_Account.56,Jesse,Turner,Dr,Marketing,jturner1j@go.com,62-(782)657-3360,63-(547)949-4780
W_Contact.57,W_Account.57,Charles,Schmidt,Ms,Product Management,cschmidt1k@ning.com,380-(613)682-6361,63-(590)796-9350
W_Contact.58,W_Account.58,Shawn,Davis,Rev,Product Management,sdavis1l@yahoo.co.jp,62-(951)572-6495,48-(470)433-1792
W_Contact.59,W_Account.59,Martha,Hunt,Dr,Legal,mhunt1m@cbslocal.com,63-(772)694-5127,1-(515)385-3363
W_Contact.60,W_Account.60,Adam,Baker,Dr,Engineering,abaker1n@dedecms.com,49-(588)214-3061,66-(464)638-7470
W_Contact.61,W_Account.61,Marie,Mcdonald,Mr,Support,mmcdonald1o@wired.com,46-(439)673-6807,86-(461)598-0009
W_Contact.62,W_Account.62,Judy,Cole,Dr,Support,jcole1p@live.com,351-(149)828-2833,7-(192)336-3092
W_Contact.63,W_Account.63,Jennifer,Boyd,Ms,Engineering,jboyd1q@mediafire.com,227-(688)761-1386,965-(733)270-9677
W_Contact.64,W_Account.64,Alice,Simpson,Rev,Marketing,asimpson1r@imgur.com,251-(578)812-1549,55-(835)146-1224
W_Contact.65,W_Account.65,Beverly,Owens,Mr,Legal,bowens1s@bbb.org,30-(265)104-1348,54-(998)274-1090
W_Contact.66,W_Account.66,Amy,Simpson,Dr,Services,asimpson1t@rakuten.co.jp,506-(780)169-2616,255-(331)896-7313
W_Contact.67,W_Account.67,Ruby,Grant,Dr,Product Management,rgrant1u@yellowpages.com,86-(657)647-0628,60-(977)851-9515
W_Contact.68,W_Account.68,Steven,Bell,Mrs,Sales,sbell1v@irs.gov,48-(916)572-9612,92-(428)887-9365
W_Contact.69,W_Account.69,Willie,Castillo,Dr,Product Management,wcastillo1w@bizjournals.com,225-(511)523-2171,598-(894)433-1721
W_Contact.70,W_Account.70,Howard,Reynolds,Mrs,Marketing,hreynolds1x@phpbb.com,33-(115)881-9123,380-(186)137-8567
W_Contact.71,W_Account.71,Diane,Fernandez,Ms,Legal,dfernandez1y@imgur.com,420-(577)424-1967,374-(820)996-1752
W_Contact.72,W_Account.72,Donna,Vasquez,Rev,Engineering,dvasquez1z@cbsnews.com,63-(520)302-5852,33-(511)194-1463
W_Contact.73,W_Account.73,Anna,Berry,Mrs,Training,aberry20@symantec.com,45-(550)967-7858,505-(682)795-6367
W_Contact.74,W_Account.74,Russell,Gonzalez,Ms,Engineering,rgonzalez21@spotify.com,591-(572)984-5567,7-(261)894-8484
W_Contact.75,W_Account.75,Stephanie,Harris,Rev,Support,sharris22@spiegel.de,380-(788)715-4572,1-(401)250-5444
W_Contact.76,W_Account.76,Arthur,Simmons,Dr,Accounting,asimmons23@jiathis.com,351-(388)645-3569,351-(930)864-2143
W_Contact.77,W_Account.77,Chris,Garrett,Ms,Business Development,cgarrett24@jugem.jp,1-(714)546-3507,52-(856)254-6211
W_Contact.78,W_Account.78,Tammy,Cunningham,Honorable,Research and Development,tcunningham25@youku.com,54-(623)476-8924,86-(901)744-0460
W_Contact.79,W_Account.79,Matthew,Pierce,Rev,Legal,mpierce26@gizmodo.com,354-(870)336-0976,92-(297)895-7334
W_Contact.80,W_Account.80,Dennis,Ward,Dr,Human Resources,dward27@wikimedia.org,62-(359)315-5298,675-(264)460-8688
W_Contact.81,W_Account.81,Harry,Allen,Mrs,Marketing,hallen28@odnoklassniki.ru,33-(316)848-8485,86-(748)513-0394
W_Contact.82,W_Account.82,Keith,Hughes,Honorable,Accounting,khughes29@virginia.edu,86-(400)759-2048,86-(352)253-8602
W_Contact.83,W_Account.83,Lisa,Pierce,Rev,Engineering,lpierce2a@rakuten.co.jp,255-(939)387-9647,55-(998)143-6992
W_Contact.84,W_Account.84,Carol,Ryan,Ms,Services,cryan2b@flavors.me,30-(166)765-5563,62-(559)992-4899
W_Contact.85,W_Account.85,Shirley,Williamson,Rev,Sales,swilliamson2c@reference.com,86-(879)779-3393,33-(161)522-5830
W_Contact.86,W_Account.86,Jane,Pierce,Ms,Product Management,jpierce2d@google.com,1-(617)904-8455,86-(228)741-6491
W_Contact.87,W_Account.87,Harold,Cox,Honorable,Accounting,hcox2e@buzzfeed.com,81-(679)228-6566,7-(796)262-1532
W_Contact.88,W_Account.88,Jonathan,Perez,Ms,Accounting,jperez2f@deliciousdays.com,55-(223)248-3483,351-(664)372-2902
W_Contact.89,W_Account.89,Kelly,Fields,Rev,Engineering,kfields2g@wordpress.org,218-(479)887-0680,353-(647)426-7404
W_Contact.90,W_Account.90,Brandon,Simmons,Mr,Product Management,bsimmons2h@shinystat.com,62-(113)468-9143,255-(769)794-4114
W_Contact.91,W_Account.91,Joyce,Gibson,Mrs,Product Management,jgibson2i@statcounter.com,86-(773)963-5211,420-(175)987-3382
W_Contact.92,W_Account.92,Karen,Jacobs,Mr,Product Management,kjacobs2j@umn.edu,47-(478)114-9745,86-(988)190-1022
W_Contact.93,W_Account.93,Bonnie,Patterson,Honorable,Services,bpatterson2k@cdbaby.com,7-(641)483-3257,46-(257)725-8609
W_Contact.94,W_Account.94,Cheryl,Greene,Dr,Marketing,cgreene2l@marriott.com,86-(354)743-3563,63-(682)985-9889
W_Contact.95,W_Account.95,Jeffrey,Crawford,Dr,Training,jcrawford2m@nifty.com,269-(531)393-8015,86-(323)239-2892
W_Contact.96,W_Account.96,Anne,Johnston,Rev,Services,ajohnston2n@liveinternet.ru,351-(405)426-3762,351-(938)191-0895
W_Contact.97,W_Account.97,Timothy,Thompson,Mrs,Accounting,tthompson2o@studiopress.com,62-(175)465-2245,63-(258)124-6776
W_Contact.98,W_Account.98,Roger,Campbell,Mrs,Training,rcampbell2p@instagram.com,33-(913)188-1522,63-(722)644-0859
W_Contact.99,W_Account.99,Jimmy,Gonzales,Rev,Legal,jgonzales2q@flickr.com,49-(927)243-3178,995-(393)244-5449
W_Contact.100,W_Account.100,Nancy,Holmes,Mrs,Legal,nholmes2r@java.com,1-(520)962-4464,31-(779)513-1756
