Account.External_Id__c,External_Id__c,FirstName,LastName,Title,Department,Email,Phone,MobilePhone
W_Services_Account.4,W_Services_Contact.4,Ruby,Sanders,Honorable,Training,rsanders0@g.co,62-(282)665-0611,84-(177)430-1482
W_Services_Account.6,W_Services_Contact.6,Philip,Gonzalez,Rev,Services,pgonzalez1@unesco.org,45-(660)986-7358,63-(250)914-0788
W_Services_Account.11,W_Services_Contact.11,Cynthia,Cole,Mrs,Human Resources,ccole2@nba.com,66-(620)122-9980,86-(577)887-6972
W_Services_Account.12,W_Services_Contact.12,Thomas,Martinez,Dr,Sales,tmartinez3@intel.com,46-(897)572-8894,62-(228)534-2412
W_Services_Account.21,W_Services_Contact.21,Rebecca,Simmons,Rev,Business Development,rsimmons4@yahoo.com,1-(785)286-8829,51-(263)907-8636
W_Services_Account.22,W_Services_Contact.22,Mary,Ryan,Mrs,Sales,mryan5@narod.ru,33-(908)496-5189,1-(118)736-7539
W_Services_Account.23,W_Services_Contact.23,Judy,Cooper,Ms,Research and Development,jcooper6@infoseek.co.jp,86-(467)349-4592,81-(413)182-8045
W_Services_Account.24,W_Services_Contact.24,Stephanie,Larson,Mr,Accounting,slarson7@miitbeian.gov.cn,977-(516)211-6934,386-(319)551-0925
W_Services_Account.30,W_Services_Contact.30,Janice,Mendoza,Mr,Product Management,jmendoza8@nature.com,502-(400)735-0503,62-(808)430-9649
W_Services_Account.35,W_Services_Contact.35,Todd,Tucker,Honorable,Support,ttucker9@blogspot.com,591-(964)473-3855,62-(467)344-0272
W_Services_Account.36,W_Services_Contact.36,Maria,Jenkins,Dr,Business Development,mjenkinsa@naver.com,51-(336)605-0954,86-(608)297-6587
W_Services_Account.37,W_Services_Contact.37,Melissa,Burton,Mr,Legal,mburtonb@t.co,31-(693)444-0397,62-(619)275-7394
W_Services_Account.43,W_Services_Contact.43,Kathleen,Griffin,Dr,Services,kgriffinc@odnoklassniki.ru,1-(137)986-3839,86-(173)948-6886
W_Services_Account.45,W_Services_Contact.45,Christopher,Schmidt,Honorable,Services,cschmidtd@acquirethisname.com,63-(156)814-3307,63-(826)314-3940
W_Services_Account.48,W_Services_Contact.48,Irene,Bradley,Honorable,Support,ibradleye@uiuc.edu,86-(221)645-9510,355-(276)599-7561
W_Services_Account.50,W_Services_Contact.50,Steven,Brown,Honorable,Services,sbrownf@springer.com,48-(652)221-3721,86-(516)978-3260
W_Services_Account.51,W_Services_Contact.51,Keith,Black,Mrs,Training,kblackg@wordpress.com,1-(530)162-6420,385-(848)483-7998
W_Services_Account.56,W_Services_Contact.56,Phillip,Hamilton,Ms,Marketing,phamiltonh@php.net,86-(922)733-4263,389-(672)303-9437
W_Services_Account.57,W_Services_Contact.57,Janet,Lynch,Ms,Legal,jlynchi@bigcartel.com,30-(778)986-4150,1-(804)539-5543
W_Services_Account.67,W_Services_Contact.67,Bonnie,Gonzales,Dr,Training,bgonzalesj@edublogs.org,86-(200)548-4005,7-(553)184-6793
W_Services_Account.70,W_Services_Contact.70,Jean,Robinson,Ms,Engineering,jrobinsonk@infoseek.co.jp,351-(924)584-5637,66-(732)340-6641
W_Services_Account.71,W_Services_Contact.71,Gloria,Woods,Ms,Legal,gwoodsl@eventbrite.com,504-(331)747-8050,56-(245)621-2348
W_Services_Account.77,W_Services_Contact.77,Marilyn,Williams,Rev,Engineering,mwilliamsm@ehow.com,880-(225)923-0687,86-(230)964-4938
W_Services_Account.80,W_Services_Contact.80,Richard,Murphy,Dr,Accounting,rmurphyn@google.com.br,33-(581)819-6579,81-(724)384-7058
W_Services_Account.81,W_Services_Contact.81,Albert,Baker,Rev,Legal,abakero@dailymotion.com,995-(867)343-1980,44-(702)855-1907
W_Services_Account.82,W_Services_Contact.82,Brandon,Sanchez,Mr,Marketing,bsanchezp@wix.com,84-(298)828-5054,385-(272)509-6518
W_Services_Account.83,W_Services_Contact.83,Jonathan,Carter,Mr,Training,jcarterq@amazonaws.com,1-(413)666-8842,33-(318)673-7977
W_Services_Account.93,W_Services_Contact.93,Carlos,Morrison,Rev,Services,cmorrisonr@abc.net.au,1-(775)449-7791,86-(970)891-7150
W_Services_Account.95,W_Services_Contact.95,Nicole,Dixon,Dr,Sales,ndixons@privacy.gov.au,62-(200)555-5718,36-(935)319-3172
W_Services_Account.101,W_Services_Contact.101,Jane,Gonzales,Mrs,Business Development,jgonzalest@google.co.uk,63-(785)124-0305,995-(594)146-7110
W_Services_Account.103,W_Services_Contact.103,Jane,Torres,Ms,Business Development,jtorresu@netlog.com,86-(776)891-8994,30-(143)670-0604
W_Services_Account.114,W_Services_Contact.114,Julie,Mitchell,Honorable,Legal,jmitchellv@examiner.com,86-(366)284-0191,86-(133)505-9750
W_Services_Account.118,W_Services_Contact.118,Heather,Jenkins,Honorable,Human Resources,hjenkinsw@gizmodo.com,98-(926)741-0929,62-(371)912-4958
W_Services_Account.119,W_Services_Contact.119,Louis,Walker,Rev,Training,lwalkerx@free.fr,86-(412)720-8259,1-(486)652-5940
W_Services_Account.125,W_Services_Contact.125,Rose,Brown,Rev,Marketing,rbrowny@house.gov,86-(440)374-3548,30-(921)653-6225
W_Services_Account.126,W_Services_Contact.126,Virginia,Washington,Honorable,Training,vwashingtonz@cam.ac.uk,234-(587)809-4731,242-(365)434-4217
W_Services_Account.130,W_Services_Contact.130,Nancy,Gutierrez,Rev,Product Management,ngutierrez10@jalbum.net,55-(914)151-6805,63-(703)787-6032
W_Services_Account.131,W_Services_Contact.131,Janice,Turner,Mrs,Training,jturner11@mtv.com,86-(716)754-1932,420-(894)439-3196
W_Services_Account.135,W_Services_Contact.135,Eric,Cole,Mrs,Support,ecole12@unc.edu,263-(840)417-4931,420-(401)579-8833
W_Services_Account.136,W_Services_Contact.136,Benjamin,King,Mrs,Business Development,bking13@ucla.edu,45-(145)480-4094,81-(741)808-3723
W_Services_Account.141,W_Services_Contact.141,Joyce,Ruiz,Honorable,Marketing,jruiz14@mtv.com,1-(466)155-6867,355-(866)196-9236
W_Services_Account.144,W_Services_Contact.144,Judith,Miller,Rev,Marketing,jmiller15@intel.com,86-(565)129-0733,242-(997)947-9511
W_Services_Account.146,W_Services_Contact.146,Christina,Simmons,Mrs,Business Development,csimmons16@apache.org,54-(762)984-0789,48-(609)838-2978
W_Services_Account.152,W_Services_Contact.152,Dennis,Martinez,Dr,Engineering,dmartinez17@scribd.com,55-(471)105-1735,7-(717)213-7876
W_Services_Account.154,W_Services_Contact.154,Irene,Richardson,Ms,Business Development,irichardson18@economist.com,63-(582)728-7447,63-(400)289-2243
W_Services_Account.157,W_Services_Contact.157,Richard,Garza,Ms,Legal,rgarza19@qq.com,385-(361)980-5422,686-(395)107-3594
W_Services_Account.161,W_Services_Contact.161,Brian,Harrison,Honorable,Research and Development,bharrison1a@vistaprint.com,7-(281)818-1172,86-(432)909-2876
W_Services_Account.169,W_Services_Contact.169,Janet,Snyder,Mrs,Legal,jsnyder1b@statcounter.com,63-(642)592-5080,502-(378)864-9782
W_Services_Account.170,W_Services_Contact.170,Keith,Austin,Dr,Support,kaustin1c@studiopress.com,86-(516)829-7237,86-(243)807-5198
W_Services_Account.172,W_Services_Contact.172,Beverly,Perez,Rev,Marketing,bperez1d@businesswire.com,46-(484)877-1879,380-(597)585-0363
W_Services_Account.180,W_Services_Contact.180,Philip,Daniels,Dr,Accounting,pdaniels1e@nydailynews.com,504-(143)124-0860,509-(815)675-2785
W_Services_Account.181,W_Services_Contact.181,Emily,Stone,Mr,Legal,estone1f@last.fm,30-(827)496-6388,960-(285)218-2088
W_Services_Account.182,W_Services_Contact.182,John,Romero,Dr,Research and Development,jromero1g@elegantthemes.com,254-(680)254-3924,7-(331)955-4373
W_Services_Account.183,W_Services_Contact.183,Timothy,Crawford,Mrs,Product Management,tcrawford1h@twitpic.com,20-(714)178-8687,86-(743)865-2032
W_Services_Account.186,W_Services_Contact.186,Mark,Gray,Mr,Sales,mgray1i@php.net,63-(689)876-4535,86-(140)424-3951
W_Services_Account.189,W_Services_Contact.189,Mark,Howell,Mrs,Sales,mhowell1j@ustream.tv,855-(410)687-0244,850-(285)585-5582
W_Services_Account.190,W_Services_Contact.190,Margaret,Cunningham,Ms,Engineering,mcunningham1k@japanpost.jp,86-(176)936-7227,62-(262)337-0846
W_Services_Account.191,W_Services_Contact.191,Robin,Torres,Dr,Human Resources,rtorres1l@uiuc.edu,234-(378)877-6417,33-(743)375-5336
W_Services_Account.194,W_Services_Contact.194,Phillip,Weaver,Mrs,Legal,pweaver1m@sphinn.com,62-(619)196-1794,7-(902)279-9698
W_Services_Account.198,W_Services_Contact.198,Johnny,Holmes,Rev,Services,jholmes1n@comcast.net,86-(950)675-1241,49-(431)477-0426
W_Services_Account.204,W_Services_Contact.204,Dennis,Alvarez,Dr,Product Management,dalvarez1o@lycos.com,47-(394)948-7520,420-(510)643-5595
W_Services_Account.207,W_Services_Contact.207,Richard,Baker,Ms,Business Development,rbaker1p@wunderground.com,216-(925)755-3277,63-(274)649-3144
W_Services_Account.213,W_Services_Contact.213,Larry,Mcdonald,Dr,Training,lmcdonald1q@disqus.com,62-(908)259-8180,57-(953)786-8656
W_Services_Account.216,W_Services_Contact.216,Alice,Stephens,Rev,Engineering,astephens1r@uol.com.br,62-(960)733-1640,7-(384)258-3506
W_Services_Account.219,W_Services_Contact.219,Ann,Bradley,Rev,Sales,abradley1s@ed.gov,51-(222)304-9820,61-(796)747-3820
W_Services_Account.223,W_Services_Contact.223,Johnny,Payne,Honorable,Human Resources,jpayne1t@rambler.ru,48-(711)151-5783,62-(126)688-8199
W_Services_Account.227,W_Services_Contact.227,Juan,Kelly,Ms,Training,jkelly1u@bloglovin.com,62-(641)895-3235,591-(979)901-2116
W_Services_Account.230,W_Services_Contact.230,Ralph,Baker,Mr,Engineering,rbaker1v@google.cn,251-(174)700-2034,33-(392)217-7173
W_Services_Account.231,W_Services_Contact.231,Laura,Banks,Rev,Engineering,lbanks1w@sitemeter.com,1-(520)356-1200,53-(289)206-3509
W_Services_Account.232,W_Services_Contact.232,Christina,Carr,Honorable,Product Management,ccarr1x@odnoklassniki.ru,86-(199)621-1118,351-(476)810-6626
W_Services_Account.239,W_Services_Contact.239,Joseph,Gomez,Ms,Legal,jgomez1y@answers.com,62-(239)241-6934,81-(587)675-3935
W_Services_Account.242,W_Services_Contact.242,Philip,Jordan,Dr,Legal,pjordan1z@theatlantic.com,212-(331)748-5879,973-(798)685-5811
W_Services_Account.244,W_Services_Contact.244,Lisa,Murray,Mrs,Sales,lmurray20@wikimedia.org,1-(712)340-9387,61-(118)146-9665
W_Services_Account.245,W_Services_Contact.245,Kelly,Watkins,Rev,Services,kwatkins21@reference.com,86-(486)536-4238,52-(170)976-0980
W_Services_Account.249,W_Services_Contact.249,Robin,Lopez,Mr,Services,rlopez22@wikispaces.com,86-(314)626-0220,54-(657)490-3037
W_Services_Account.250,W_Services_Contact.250,Joyce,Watson,Mr,Product Management,jwatson23@nasa.gov,86-(364)933-8783,86-(235)986-1016
W_Services_Account.252,W_Services_Contact.252,Ronald,Harvey,Mr,Research and Development,rharvey24@themeforest.net,385-(274)179-8669,386-(212)439-2694
W_Services_Account.257,W_Services_Contact.257,Jeremy,Peterson,Ms,Product Management,jpeterson25@mtv.com,509-(339)584-3799,86-(194)155-7336
W_Services_Account.258,W_Services_Contact.258,Martin,Murray,Rev,Engineering,mmurray26@earthlink.net,86-(499)484-7679,502-(316)871-5116
W_Services_Account.261,W_Services_Contact.261,Alan,Montgomery,Mrs,Business Development,amontgomery27@whitehouse.gov,48-(328)466-7383,48-(111)242-6504
W_Services_Account.262,W_Services_Contact.262,Howard,Wells,Rev,Training,hwells28@howstuffworks.com,261-(552)921-3356,62-(337)105-1213
W_Services_Account.264,W_Services_Contact.264,Samuel,Howard,Ms,Services,showard29@posterous.com,62-(229)388-2351,964-(326)679-5924
W_Services_Account.265,W_Services_Contact.265,Katherine,Sullivan,Honorable,Human Resources,ksullivan2a@pinterest.com,358-(795)830-2355,86-(948)323-8949
W_Services_Account.266,W_Services_Contact.266,Kathleen,Spencer,Dr,Marketing,kspencer2b@irs.gov,66-(561)710-5290,57-(930)481-6364
W_Services_Account.267,W_Services_Contact.267,Scott,Taylor,Mrs,Legal,staylor2c@state.gov,46-(462)215-9650,86-(121)518-2843
W_Services_Account.276,W_Services_Contact.276,Elizabeth,Ramos,Ms,Business Development,eramos2d@storify.com,386-(457)578-4947,420-(136)521-2951
W_Services_Account.280,W_Services_Contact.280,Michael,Nguyen,Mrs,Services,mnguyen2e@reuters.com,358-(436)153-3889,86-(937)598-2965
W_Services_Account.281,W_Services_Contact.281,Clarence,Cole,Honorable,Business Development,ccole2f@miibeian.gov.cn,86-(168)534-8128,86-(576)341-1977
W_Services_Account.283,W_Services_Contact.283,Shirley,Walker,Ms,Accounting,swalker2g@rambler.ru,509-(555)229-9385,62-(519)159-4716
W_Services_Account.285,W_Services_Contact.285,Harold,Robinson,Mrs,Business Development,hrobinson2h@soundcloud.com,92-(725)128-0740,507-(642)461-1407
W_Services_Account.287,W_Services_Contact.287,Wayne,Peters,Honorable,Engineering,wpeters2i@surveymonkey.com,234-(159)490-8402,255-(314)534-8585
W_Services_Account.288,W_Services_Contact.288,Sean,Parker,Mr,Legal,sparker2j@amazon.co.uk,86-(350)695-9452,30-(187)425-2445
W_Services_Account.294,W_Services_Contact.294,Angela,Scott,Mr,Research and Development,ascott2k@domainmarket.com,63-(750)681-5924,62-(738)672-1797
W_Services_Account.297,W_Services_Contact.297,Martha,Ward,Dr,Sales,mward2l@csmonitor.com,7-(144)832-6048,357-(495)521-3187
W_Services_Account.302,W_Services_Contact.302,Jeremy,Perkins,Mrs,Human Resources,jperkins2m@accuweather.com,242-(831)622-7968,30-(600)335-8319
W_Services_Account.304,W_Services_Contact.304,Jeremy,Edwards,Dr,Sales,jedwards2n@bizjournals.com,33-(152)142-8617,374-(276)627-1838
W_Services_Account.305,W_Services_Contact.305,Timothy,Bailey,Mrs,Accounting,tbailey2o@bizjournals.com,33-(601)435-3149,502-(893)126-3650
W_Services_Account.310,W_Services_Contact.310,Martin,Jackson,Mrs,Human Resources,mjackson2p@php.net,32-(540)728-9744,385-(617)791-2452
W_Services_Account.313,W_Services_Contact.313,Aaron,Alvarez,Ms,Engineering,aalvarez2q@meetup.com,62-(751)533-6485,55-(396)615-9497
W_Services_Account.314,W_Services_Contact.314,Ryan,Thompson,Mrs,Sales,rthompson2r@linkedin.com,31-(403)242-1946,86-(133)570-5193
W_Services_Account.317,W_Services_Contact.317,Paul,Sanchez,Rev,Engineering,psanchez2s@nba.com,420-(661)791-5264,7-(750)454-1579
W_Services_Account.322,W_Services_Contact.322,Christopher,Stevens,Honorable,Engineering,cstevens2t@cafepress.com,86-(606)792-1721,86-(304)583-2541
W_Services_Account.323,W_Services_Contact.323,Emily,James,Rev,Training,ejames2u@nytimes.com,92-(158)987-1382,57-(962)963-7648
W_Services_Account.329,W_Services_Contact.329,Beverly,Torres,Mr,Product Management,btorres2v@foxnews.com,7-(646)343-7455,1-(202)809-3718
W_Services_Account.332,W_Services_Contact.332,Donald,Burke,Dr,Accounting,dburke2w@ihg.com,62-(914)223-7969,86-(386)754-0482
W_Services_Account.333,W_Services_Contact.333,Martha,Murray,Mrs,Support,mmurray2x@independent.co.uk,63-(178)103-5049,967-(709)644-3094
W_Services_Account.339,W_Services_Contact.339,Mark,Austin,Rev,Research and Development,maustin2y@goo.gl,242-(174)473-9618,598-(657)536-2399
W_Services_Account.340,W_Services_Contact.340,Julie,Jacobs,Dr,Research and Development,jjacobs2z@tumblr.com,86-(378)746-1628,81-(897)440-8697
W_Services_Account.341,W_Services_Contact.341,Roger,Lewis,Rev,Accounting,rlewis30@unicef.org,30-(319)844-4525,509-(312)579-0973
W_Services_Account.342,W_Services_Contact.342,Kathleen,Hunter,Mrs,Human Resources,khunter31@livejournal.com,351-(927)266-2985,62-(237)707-9442
W_Services_Account.345,W_Services_Contact.345,Sandra,Stanley,Mrs,Product Management,sstanley32@prlog.org,7-(817)855-0282,86-(930)863-4277
W_Services_Account.349,W_Services_Contact.349,Ernest,Morales,Mr,Product Management,emorales33@mozilla.org,351-(831)908-1598,63-(976)622-6832
W_Services_Account.352,W_Services_Contact.352,Gloria,Young,Mrs,Services,gyoung34@fda.gov,51-(389)806-7759,86-(961)218-1674
W_Services_Account.356,W_Services_Contact.356,Ralph,King,Dr,Services,rking35@mail.ru,595-(312)972-3052,380-(598)282-4989
W_Services_Account.360,W_Services_Contact.360,Melissa,Owens,Honorable,Research and Development,mowens36@tinyurl.com,86-(219)150-5577,420-(945)820-9266
W_Services_Account.372,W_Services_Contact.372,Mark,Hart,Honorable,Marketing,mhart37@qq.com,62-(786)632-1898,261-(468)427-5779
W_Services_Account.373,W_Services_Contact.373,Amy,Perez,Mr,Training,aperez38@hatena.ne.jp,218-(442)596-6427,52-(777)575-3092
W_Services_Account.374,W_Services_Contact.374,Irene,Spencer,Rev,Services,ispencer39@blinklist.com,372-(788)203-2817,86-(651)122-9878
W_Services_Account.375,W_Services_Contact.375,Mark,Hamilton,Mrs,Sales,mhamilton3a@yahoo.com,33-(522)423-5547,86-(785)479-1029
W_Services_Account.384,W_Services_Contact.384,Christina,Gutierrez,Honorable,Research and Development,cgutierrez3b@angelfire.com,591-(880)944-5017,970-(701)494-1853
W_Services_Account.387,W_Services_Contact.387,Randy,Little,Rev,Services,rlittle3c@moonfruit.com,95-(639)172-9298,7-(311)808-0429
W_Services_Account.389,W_Services_Contact.389,Marilyn,Boyd,Mr,Engineering,mboyd3d@npr.org,86-(393)555-2458,62-(515)568-1804
W_Services_Account.390,W_Services_Contact.390,Susan,Hill,Ms,Product Management,shill3e@umich.edu,380-(471)167-3046,62-(747)742-9341
W_Services_Account.393,W_Services_Contact.393,Frances,Porter,Dr,Support,fporter3f@over-blog.com,233-(162)618-3973,55-(808)333-6514
W_Services_Account.398,W_Services_Contact.398,Daniel,Castillo,Rev,Services,dcastillo3g@flavors.me,55-(218)520-4529,86-(335)775-0484
W_Services_Account.404,W_Services_Contact.404,Matthew,Knight,Ms,Sales,mknight3h@ifeng.com,62-(428)905-7494,62-(814)281-0983
W_Services_Account.406,W_Services_Contact.406,Christina,Richards,Mrs,Training,crichards3i@java.com,7-(421)374-7121,86-(146)154-4580
W_Services_Account.409,W_Services_Contact.409,Arthur,Weaver,Mr,Human Resources,aweaver3j@seesaa.net,62-(992)635-6481,237-(204)312-7972
W_Services_Account.410,W_Services_Contact.410,Douglas,Marshall,Dr,Support,dmarshall3k@stumbleupon.com,33-(889)792-5656,86-(702)769-4088
W_Services_Account.412,W_Services_Contact.412,Steve,Harrison,Dr,Legal,sharrison3l@topsy.com,963-(648)296-8421,86-(392)942-0433
W_Services_Account.413,W_Services_Contact.413,Walter,Wallace,Honorable,Marketing,wwallace3m@forbes.com,86-(268)641-8059,46-(481)276-3454
W_Services_Account.415,W_Services_Contact.415,Antonio,Woods,Rev,Support,awoods3n@columbia.edu,62-(697)471-9389,62-(673)885-5407
W_Services_Account.417,W_Services_Contact.417,Sarah,Patterson,Mr,Sales,spatterson3o@i2i.jp,62-(931)682-1561,7-(415)806-7701
W_Services_Account.420,W_Services_Contact.420,Beverly,Carr,Mrs,Legal,bcarr3p@themeforest.net,30-(174)793-0170,84-(422)599-7660
W_Services_Account.424,W_Services_Contact.424,Teresa,Moreno,Honorable,Product Management,tmoreno3q@wufoo.com,263-(877)284-4025,374-(799)798-6873
W_Services_Account.426,W_Services_Contact.426,Doris,Dixon,Rev,Marketing,ddixon3r@lulu.com,86-(714)644-4905,420-(393)366-2043
W_Services_Account.427,W_Services_Contact.427,Lori,Hayes,Dr,Support,lhayes3s@360.cn,57-(430)305-7295,86-(810)634-3357
W_Services_Account.428,W_Services_Contact.428,Angela,Ferguson,Mrs,Services,aferguson3t@bluehost.com,86-(598)342-0882,351-(837)276-9998
W_Services_Account.431,W_Services_Contact.431,Timothy,Arnold,Rev,Product Management,tarnold3u@gizmodo.com,995-(574)614-6855,52-(181)299-2090
W_Services_Account.433,W_Services_Contact.433,Virginia,Garcia,Rev,Training,vgarcia3v@addtoany.com,62-(709)124-8220,351-(287)224-2112
W_Services_Account.434,W_Services_Contact.434,Doris,Anderson,Mr,Services,danderson3w@businesswire.com,62-(980)772-9645,54-(498)517-3701
W_Services_Account.435,W_Services_Contact.435,Anne,Moore,Mr,Accounting,amoore3x@wiley.com,237-(905)929-1455,55-(980)360-9689
W_Services_Account.437,W_Services_Contact.437,Philip,Gomez,Honorable,Support,pgomez3y@boston.com,855-(253)592-9705,62-(662)556-1655
W_Services_Account.441,W_Services_Contact.441,Albert,Fowler,Ms,Accounting,afowler3z@woothemes.com,420-(670)403-9801,62-(538)814-0262
W_Services_Account.442,W_Services_Contact.442,Elizabeth,Martinez,Mrs,Accounting,emartinez40@facebook.com,7-(157)581-3846,86-(134)309-6580
W_Services_Account.444,W_Services_Contact.444,Larry,Long,Honorable,Sales,llong41@state.tx.us,52-(549)645-4100,51-(552)169-6017
W_Services_Account.445,W_Services_Contact.445,Stephen,Turner,Mrs,Training,sturner42@booking.com,62-(604)168-1208,81-(124)544-7780
W_Services_Account.446,W_Services_Contact.446,Judith,Phillips,Ms,Marketing,jphillips43@nature.com,81-(105)458-5743,385-(598)502-8595
W_Services_Account.447,W_Services_Contact.447,Margaret,Schmidt,Rev,Services,mschmidt44@fastcompany.com,261-(646)934-2547,63-(959)702-8401
W_Services_Account.449,W_Services_Contact.449,Nicholas,Gilbert,Mr,Training,ngilbert45@army.mil,62-(363)596-8008,994-(240)957-7436
W_Services_Account.451,W_Services_Contact.451,Adam,Cole,Mrs,Human Resources,acole46@about.com,86-(934)724-6893,84-(128)522-2187
W_Services_Account.459,W_Services_Contact.459,Doris,Carter,Honorable,Engineering,dcarter47@mit.edu,351-(781)390-4165,86-(263)970-3208
W_Services_Account.460,W_Services_Contact.460,Robin,Bell,Dr,Support,rbell48@jugem.jp,64-(769)546-8745,33-(975)150-2099
W_Services_Account.462,W_Services_Contact.462,Emily,Burton,Honorable,Product Management,eburton49@disqus.com,84-(215)168-4042,51-(554)833-7653
W_Services_Account.463,W_Services_Contact.463,Brian,Mccoy,Mrs,Accounting,bmccoy4a@census.gov,63-(644)666-0146,86-(902)722-5632
W_Services_Account.464,W_Services_Contact.464,Craig,Hayes,Ms,Engineering,chayes4b@about.com,55-(635)801-7815,33-(334)121-5621
W_Services_Account.466,W_Services_Contact.466,Beverly,Williamson,Dr,Support,bwilliamson4c@lulu.com,81-(384)147-7980,63-(293)837-5226
W_Services_Account.471,W_Services_Contact.471,Roger,Butler,Ms,Support,rbutler4d@state.tx.us,598-(399)200-6994,590-(131)630-9272
W_Services_Account.472,W_Services_Contact.472,Beverly,Walker,Dr,Human Resources,bwalker4e@marriott.com,62-(346)712-6124,48-(458)500-2396
W_Services_Account.473,W_Services_Contact.473,Nicole,Watkins,Rev,Sales,nwatkins4f@rakuten.co.jp,375-(350)631-5017,82-(531)355-8802
W_Services_Account.474,W_Services_Contact.474,Laura,Mendoza,Ms,Product Management,lmendoza4g@forbes.com,66-(672)689-2743,63-(395)916-8837
W_Services_Account.477,W_Services_Contact.477,Sean,Fernandez,Mr,Human Resources,sfernandez4h@huffingtonpost.com,62-(446)619-9739,63-(192)301-3600
W_Services_Account.483,W_Services_Contact.483,Kelly,Martinez,Honorable,Product Management,kmartinez4i@booking.com,420-(455)818-1643,62-(278)633-8569
W_Services_Account.487,W_Services_Contact.487,Jerry,Rose,Dr,Support,jrose4j@ovh.net,62-(380)586-7367,92-(902)819-3978
W_Services_Account.489,W_Services_Contact.489,Virginia,Willis,Rev,Support,vwillis4k@pen.io,51-(169)702-8591,86-(948)108-9007
W_Services_Account.491,W_Services_Contact.491,Justin,Green,Ms,Human Resources,jgreen4l@wufoo.com,86-(432)165-5340,62-(502)794-2016
W_Services_Account.496,W_Services_Contact.496,Bobby,Torres,Honorable,Training,btorres4m@tripod.com,420-(179)379-5194,86-(425)167-7889
W_Services_Account.501,W_Services_Contact.501,Matthew,Morris,Ms,Human Resources,mmorris4n@pen.io,86-(476)243-5889,20-(779)327-7199
W_Services_Account.503,W_Services_Contact.503,John,Lewis,Ms,Marketing,jlewis4o@dyndns.org,375-(403)333-6341,7-(154)384-0070
W_Services_Account.505,W_Services_Contact.505,Nicholas,Fisher,Ms,Sales,nfisher4p@skyrock.com,62-(981)705-2799,54-(660)185-1648
W_Services_Account.510,W_Services_Contact.510,Linda,Carter,Rev,Business Development,lcarter4q@nydailynews.com,52-(430)347-6436,1-(508)100-8094
W_Services_Account.513,W_Services_Contact.513,Rebecca,Hunt,Mrs,Services,rhunt4r@opensource.org,380-(730)114-0687,55-(716)293-0968
W_Services_Account.514,W_Services_Contact.514,Larry,Peterson,Honorable,Support,lpeterson4s@epa.gov,36-(532)857-0955,353-(313)821-2763
W_Services_Account.515,W_Services_Contact.515,Harry,Watkins,Honorable,Services,hwatkins4t@de.vu,7-(316)493-3495,86-(905)533-1420
W_Services_Account.517,W_Services_Contact.517,Joseph,Nichols,Honorable,Services,jnichols4u@posterous.com,1-(821)401-0955,506-(300)237-5050
W_Services_Account.519,W_Services_Contact.519,Earl,Robertson,Honorable,Services,erobertson4v@omniture.com,63-(285)623-3253,54-(928)270-9959
W_Services_Account.528,W_Services_Contact.528,Rebecca,Gonzalez,Mr,Accounting,rgonzalez4w@wiley.com,51-(530)439-3834,62-(968)193-4051
W_Services_Account.534,W_Services_Contact.534,Kimberly,Alexander,Ms,Product Management,kalexander4x@acquirethisname.com,86-(397)284-0603,66-(113)600-9094
W_Services_Account.536,W_Services_Contact.536,Russell,Lopez,Mrs,Research and Development,rlopez4y@goodreads.com,62-(366)128-5828,63-(818)499-3323
W_Services_Account.537,W_Services_Contact.537,Wanda,Wallace,Honorable,Research and Development,wwallace4z@irs.gov,86-(133)453-2643,351-(793)715-7729
W_Services_Account.539,W_Services_Contact.539,Paul,Reyes,Honorable,Marketing,preyes50@privacy.gov.au,52-(357)260-2395,49-(228)628-2815
W_Services_Account.540,W_Services_Contact.540,Joan,Gray,Ms,Human Resources,jgray51@wikipedia.org,46-(222)642-9880,351-(923)569-1242
W_Services_Account.542,W_Services_Contact.542,Jean,Cole,Mrs,Services,jcole52@photobucket.com,62-(117)452-4267,66-(711)884-7714
W_Services_Account.544,W_Services_Contact.544,Rachel,Diaz,Honorable,Engineering,rdiaz53@wordpress.org,62-(123)970-6323,62-(483)977-1660
W_Services_Account.547,W_Services_Contact.547,Virginia,Nguyen,Honorable,Research and Development,vnguyen54@sogou.com,86-(819)231-8092,86-(773)311-7431
W_Services_Account.548,W_Services_Contact.548,Rebecca,Arnold,Mr,Sales,rarnold55@zimbio.com,62-(766)162-7176,389-(868)810-8590
W_Services_Account.549,W_Services_Contact.549,Kevin,Gray,Mrs,Support,kgray56@baidu.com,51-(663)695-9220,30-(988)440-4149
W_Services_Account.557,W_Services_Contact.557,Kelly,Bennett,Ms,Legal,kbennett57@aboutads.info,55-(746)488-2201,63-(949)492-9451
W_Services_Account.558,W_Services_Contact.558,Janet,Allen,Rev,Human Resources,jallen58@vk.com,86-(898)714-0918,420-(219)648-8715
W_Services_Account.559,W_Services_Contact.559,Linda,Perkins,Mrs,Research and Development,lperkins59@freewebs.com,994-(714)342-3504,256-(645)790-2512
W_Services_Account.565,W_Services_Contact.565,Joseph,Porter,Ms,Product Management,jporter5a@nydailynews.com,92-(690)852-6746,54-(370)639-4797
W_Services_Account.567,W_Services_Contact.567,Alice,Wallace,Ms,Services,awallace5b@nsw.gov.au,63-(457)803-6228,63-(309)668-2806
W_Services_Account.570,W_Services_Contact.570,Gregory,Richards,Honorable,Marketing,grichards5c@tamu.edu,81-(141)821-3249,27-(265)265-9116
W_Services_Account.573,W_Services_Contact.573,Evelyn,Roberts,Honorable,Services,eroberts5d@yelp.com,86-(939)957-5465,86-(555)121-2298
W_Services_Account.580,W_Services_Contact.580,Anthony,King,Mr,Marketing,aking5e@fema.gov,420-(632)937-3885,48-(707)294-7191
W_Services_Account.583,W_Services_Contact.583,Deborah,Rodriguez,Dr,Support,drodriguez5f@howstuffworks.com,48-(982)318-8287,33-(659)815-0633
W_Services_Account.588,W_Services_Contact.588,Christine,Shaw,Rev,Engineering,cshaw5g@yelp.com,420-(111)134-5760,1-(748)250-2006
W_Services_Account.589,W_Services_Contact.589,Andrew,Butler,Dr,Support,abutler5h@ca.gov,62-(864)963-1543,351-(181)401-1210
W_Services_Account.597,W_Services_Contact.597,Jonathan,Dean,Rev,Legal,jdean5i@gmpg.org,86-(141)323-5767,62-(195)520-9675
W_Services_Account.598,W_Services_Contact.598,Raymond,Schmidt,Dr,Training,rschmidt5j@simplemachines.org,33-(802)806-5197,86-(655)718-7114
W_Services_Account.601,W_Services_Contact.601,Heather,Mills,Rev,Product Management,hmills5k@homestead.com,595-(986)962-5432,234-(218)603-0703
W_Services_Account.605,W_Services_Contact.605,Gerald,Rivera,Mrs,Engineering,grivera5l@blinklist.com,381-(944)503-5818,1-(435)413-5630
W_Services_Account.606,W_Services_Contact.606,Shirley,Shaw,Rev,Research and Development,sshaw5m@princeton.edu,66-(350)871-6232,86-(285)354-8172
W_Services_Account.607,W_Services_Contact.607,Laura,Green,Rev,Sales,lgreen5n@washington.edu,86-(295)690-6679,212-(241)905-9803
W_Services_Account.608,W_Services_Contact.608,Catherine,Miller,Rev,Product Management,cmiller5o@hubpages.com,46-(629)209-6572,62-(289)733-8442
W_Services_Account.613,W_Services_Contact.613,Virginia,Schmidt,Honorable,Marketing,vschmidt5p@sfgate.com,55-(814)296-4680,27-(421)303-6564
W_Services_Account.616,W_Services_Contact.616,Carolyn,Long,Honorable,Legal,clong5q@soundcloud.com,62-(210)150-6026,7-(143)652-3253
W_Services_Account.617,W_Services_Contact.617,Lori,Reed,Mr,Training,lreed5r@simplemachines.org,880-(473)709-9182,46-(601)925-4955
W_Services_Account.623,W_Services_Contact.623,Philip,Webb,Mrs,Services,pwebb5s@berkeley.edu,53-(227)550-1559,381-(239)296-8913
W_Services_Account.624,W_Services_Contact.624,Patricia,Harvey,Dr,Marketing,pharvey5t@nih.gov,98-(461)829-6765,7-(453)980-3270
W_Services_Account.626,W_Services_Contact.626,Donna,Jacobs,Ms,Research and Development,djacobs5u@techcrunch.com,975-(257)120-6756,86-(129)654-9660
W_Services_Account.627,W_Services_Contact.627,Debra,Sanchez,Ms,Accounting,dsanchez5v@163.com,998-(996)238-6169,372-(394)729-9992
W_Services_Account.629,W_Services_Contact.629,Emily,Torres,Mr,Services,etorres5w@nsw.gov.au,62-(353)543-8298,57-(847)914-0748
W_Services_Account.633,W_Services_Contact.633,Carolyn,Powell,Mrs,Services,cpowell5x@springer.com,381-(410)423-5971,81-(129)988-9595
W_Services_Account.634,W_Services_Contact.634,Stephen,Nguyen,Rev,Human Resources,snguyen5y@networkadvertising.org,86-(938)684-7117,1-(775)905-5909
W_Services_Account.638,W_Services_Contact.638,Edward,Walker,Mr,Business Development,ewalker5z@plala.or.jp,237-(560)641-0156,7-(598)497-8445
W_Services_Account.639,W_Services_Contact.639,Jean,Stone,Mr,Accounting,jstone60@mapy.cz,380-(669)820-6750,48-(556)852-9901
W_Services_Account.640,W_Services_Contact.640,Theresa,Hunter,Mrs,Business Development,thunter61@macromedia.com,7-(412)355-5201,86-(270)635-1453
W_Services_Account.644,W_Services_Contact.644,Lawrence,Fields,Ms,Engineering,lfields62@taobao.com,48-(130)350-7296,86-(696)696-5345
W_Services_Account.658,W_Services_Contact.658,Eric,Stewart,Mrs,Training,estewart63@unesco.org,63-(465)663-4699,1-(502)303-7331
W_Services_Account.665,W_Services_Contact.665,Joe,Simpson,Dr,Product Management,jsimpson64@earthlink.net,502-(760)635-1887,850-(166)525-3875
W_Services_Account.669,W_Services_Contact.669,Gerald,Frazier,Rev,Product Management,gfrazier65@amazon.de,62-(258)486-9904,62-(885)292-3918
W_Services_Account.673,W_Services_Contact.673,Tina,Alexander,Honorable,Engineering,talexander66@irs.gov,358-(191)234-5786,62-(131)866-3350
W_Services_Account.680,W_Services_Contact.680,Christine,Jones,Mrs,Research and Development,cjones67@amazon.de,62-(506)455-8927,591-(542)966-9615
W_Services_Account.682,W_Services_Contact.682,Jean,Bishop,Mr,Business Development,jbishop68@flavors.me,63-(437)839-1197,234-(482)593-5031
W_Services_Account.687,W_Services_Contact.687,Rose,Reyes,Mrs,Engineering,rreyes69@washingtonpost.com,51-(916)341-5235,62-(604)172-8773
W_Services_Account.689,W_Services_Contact.689,Aaron,Rice,Rev,Human Resources,arice6a@stanford.edu,222-(297)642-9569,7-(619)954-5407
W_Services_Account.690,W_Services_Contact.690,John,Adams,Mr,Product Management,jadams6b@feedburner.com,62-(580)879-1880,380-(190)823-2442
W_Services_Account.691,W_Services_Contact.691,Peter,Boyd,Dr,Marketing,pboyd6c@wordpress.org,55-(179)778-8836,62-(175)845-4232
W_Services_Account.693,W_Services_Contact.693,Patricia,Bishop,Dr,Human Resources,pbishop6d@tmall.com,994-(629)620-8204,420-(637)715-5748
W_Services_Account.696,W_Services_Contact.696,Nicole,Webb,Rev,Product Management,nwebb6e@amazon.co.jp,62-(829)684-2595,86-(203)228-4834
W_Services_Account.698,W_Services_Contact.698,Ruby,Green,Rev,Accounting,rgreen6f@php.net,86-(891)940-6836,86-(579)634-5808
W_Services_Account.700,W_Services_Contact.700,Jesse,Stevens,Honorable,Training,jstevens6g@timesonline.co.uk,55-(518)628-7726,86-(254)188-6205
W_Services_Account.706,W_Services_Contact.706,Joshua,Warren,Dr,Legal,jwarren6h@cloudflare.com,967-(108)338-2751,33-(746)390-9687
W_Services_Account.708,W_Services_Contact.708,Joseph,Morris,Mrs,Marketing,jmorris6i@biblegateway.com,86-(435)470-8050,46-(672)990-4818
W_Services_Account.709,W_Services_Contact.709,Philip,Ellis,Ms,Human Resources,pellis6j@cdbaby.com,374-(995)121-3147,1-(256)101-3532
W_Services_Account.713,W_Services_Contact.713,Ruby,Gutierrez,Honorable,Support,rgutierrez6k@goo.ne.jp,62-(164)552-6141,48-(539)335-7985
W_Services_Account.715,W_Services_Contact.715,Donna,Carter,Mr,Product Management,dcarter6l@vistaprint.com,355-(568)445-0155,385-(350)658-1242
W_Services_Account.716,W_Services_Contact.716,Earl,Payne,Dr,Marketing,epayne6m@slideshare.net,420-(689)344-8299,48-(600)786-1206
W_Services_Account.718,W_Services_Contact.718,Judith,Dunn,Mr,Product Management,jdunn6n@phpbb.com,355-(569)114-8430,371-(632)727-1520
W_Services_Account.724,W_Services_Contact.724,Donna,Gray,Rev,Engineering,dgray6o@instagram.com,351-(407)702-0141,1-(601)137-4739
W_Services_Account.725,W_Services_Contact.725,Paul,Vasquez,Honorable,Sales,pvasquez6p@chicagotribune.com,81-(652)226-6496,62-(267)849-0942
W_Services_Account.727,W_Services_Contact.727,Rose,Foster,Ms,Research and Development,rfoster6q@livejournal.com,502-(438)430-0989,48-(868)836-7755
W_Services_Account.731,W_Services_Contact.731,Janet,Robertson,Ms,Support,jrobertson6r@biblegateway.com,86-(546)682-7862,977-(646)104-0518
W_Services_Account.732,W_Services_Contact.732,Todd,Peters,Rev,Services,tpeters6s@symantec.com,506-(781)765-1865,33-(877)866-9534
W_Services_Account.737,W_Services_Contact.737,Eugene,Warren,Mr,Services,ewarren6t@icq.com,86-(521)654-6899,1-(778)983-8350
W_Services_Account.738,W_Services_Contact.738,Pamela,Andrews,Honorable,Training,pandrews6u@devhub.com,46-(268)785-7072,86-(401)431-2159
W_Services_Account.743,W_Services_Contact.743,Sean,Coleman,Ms,Sales,scoleman6v@storify.com,86-(895)679-6734,62-(764)175-8025
W_Services_Account.744,W_Services_Contact.744,Fred,Marshall,Ms,Sales,fmarshall6w@hugedomains.com,251-(974)357-2007,55-(294)874-3271
W_Services_Account.749,W_Services_Contact.749,Raymond,Arnold,Mr,Support,rarnold6x@sfgate.com,63-(739)537-6332,81-(596)937-6954
W_Services_Account.751,W_Services_Contact.751,Chris,Gonzales,Mrs,Sales,cgonzales6y@tiny.cc,257-(240)237-1061,1-(494)173-4185
W_Services_Account.753,W_Services_Contact.753,Jeremy,Robinson,Dr,Marketing,jrobinson6z@wikispaces.com,46-(390)570-7949,86-(290)243-7043
W_Services_Account.754,W_Services_Contact.754,Ralph,Burton,Rev,Sales,rburton70@ca.gov,86-(770)775-0730,86-(844)590-3537
W_Services_Account.761,W_Services_Contact.761,Debra,Reyes,Mr,Services,dreyes71@examiner.com,62-(261)432-5468,420-(984)130-8636
W_Services_Account.762,W_Services_Contact.762,Christina,Jacobs,Mrs,Human Resources,cjacobs72@addtoany.com,48-(597)710-4974,358-(280)818-0037
W_Services_Account.763,W_Services_Contact.763,Carlos,Sullivan,Ms,Research and Development,csullivan73@state.tx.us,1-(337)743-8300,976-(622)559-6362
W_Services_Account.765,W_Services_Contact.765,Julie,Jones,Mrs,Research and Development,jjones74@nifty.com,62-(479)380-0960,7-(325)943-1014
W_Services_Account.766,W_Services_Contact.766,Kelly,Morris,Mr,Engineering,kmorris75@state.tx.us,52-(352)425-9402,33-(269)125-7138
W_Services_Account.767,W_Services_Contact.767,Jean,Bennett,Ms,Research and Development,jbennett76@creativecommons.org,351-(655)434-3810,86-(980)206-2613
W_Services_Account.768,W_Services_Contact.768,Ruby,Fields,Mrs,Sales,rfields77@mapy.cz,55-(263)319-1074,33-(337)918-1720
W_Services_Account.769,W_Services_Contact.769,Lawrence,Ellis,Ms,Engineering,lellis78@cam.ac.uk,380-(692)223-0352,55-(472)538-2737
W_Services_Account.770,W_Services_Contact.770,Annie,Adams,Rev,Services,aadams79@tripadvisor.com,86-(405)382-1521,963-(911)572-7223
W_Services_Account.778,W_Services_Contact.778,Kenneth,Castillo,Mrs,Business Development,kcastillo7a@com.com,54-(985)363-7502,86-(378)645-3148
W_Services_Account.779,W_Services_Contact.779,Shirley,Evans,Mrs,Accounting,sevans7b@admin.ch,48-(317)625-2290,86-(393)806-7868
W_Services_Account.781,W_Services_Contact.781,Donna,Brown,Mr,Research and Development,dbrown7c@com.com,7-(212)266-9274,51-(696)555-9229
W_Services_Account.785,W_Services_Contact.785,James,Lopez,Honorable,Research and Development,jlopez7d@example.com,54-(683)967-5069,231-(828)651-7206
W_Services_Account.787,W_Services_Contact.787,Irene,Gibson,Dr,Research and Development,igibson7e@jalbum.net,63-(511)777-7624,62-(317)448-9643
W_Services_Account.788,W_Services_Contact.788,Jennifer,Nichols,Honorable,Human Resources,jnichols7f@opensource.org,33-(460)932-7681,234-(980)148-5980
W_Services_Account.791,W_Services_Contact.791,Steven,Warren,Mrs,Sales,swarren7g@freewebs.com,389-(547)374-6837,86-(768)344-6966
W_Services_Account.793,W_Services_Contact.793,Patrick,Grant,Rev,Business Development,pgrant7h@ycombinator.com,46-(459)458-0705,7-(628)594-0900
W_Services_Account.800,W_Services_Contact.800,Lois,Simpson,Honorable,Research and Development,lsimpson7i@auda.org.au,967-(579)716-3056,358-(206)183-3226
W_Services_Account.803,W_Services_Contact.803,Sarah,Richards,Honorable,Human Resources,srichards7j@linkedin.com,62-(170)596-5580,54-(623)714-6630
W_Services_Account.808,W_Services_Contact.808,Russell,Ryan,Mr,Support,rryan7k@arizona.edu,54-(236)654-1129,386-(817)325-8247
W_Services_Account.815,W_Services_Contact.815,Margaret,Weaver,Rev,Sales,mweaver7l@sciencedirect.com,255-(316)556-6698,86-(156)557-8112
W_Services_Account.816,W_Services_Contact.816,Brandon,Gomez,Mr,Business Development,bgomez7m@hibu.com,62-(548)537-4509,63-(903)714-9441
W_Services_Account.823,W_Services_Contact.823,Kimberly,Gardner,Dr,Sales,kgardner7n@google.pl,86-(963)215-1532,63-(719)326-8875
W_Services_Account.826,W_Services_Contact.826,Patrick,Henderson,Rev,Research and Development,phenderson7o@cornell.edu,86-(881)547-0649,86-(706)796-8787
W_Services_Account.827,W_Services_Contact.827,Dennis,Hanson,Ms,Product Management,dhanson7p@vkontakte.ru,7-(804)275-5740,218-(502)924-4414
W_Services_Account.829,W_Services_Contact.829,Jeremy,Carroll,Dr,Human Resources,jcarroll7q@wufoo.com,86-(625)946-1964,86-(142)353-0401
W_Services_Account.832,W_Services_Contact.832,Raymond,Gonzalez,Dr,Accounting,rgonzalez7r@myspace.com,62-(806)574-7125,86-(515)845-7105
W_Services_Account.834,W_Services_Contact.834,Wayne,Vasquez,Dr,Business Development,wvasquez7s@hhs.gov,93-(300)268-0553,54-(516)770-8511
W_Services_Account.836,W_Services_Contact.836,Keith,Freeman,Mrs,Support,kfreeman7t@xrea.com,502-(963)217-1904,30-(163)213-5373
W_Services_Account.839,W_Services_Contact.839,Willie,Dean,Rev,Business Development,wdean7u@uiuc.edu,420-(291)462-4498,86-(705)193-3792
W_Services_Account.840,W_Services_Contact.840,Michael,Fisher,Mrs,Product Management,mfisher7v@cbslocal.com,380-(665)925-8996,86-(157)179-4306
W_Services_Account.841,W_Services_Contact.841,Eugene,Simpson,Honorable,Legal,esimpson7w@biblegateway.com,420-(196)100-8818,63-(406)403-8236
W_Services_Account.843,W_Services_Contact.843,Alice,Hicks,Dr,Services,ahicks7x@youtu.be,86-(315)399-0253,994-(370)701-4991
W_Services_Account.846,W_Services_Contact.846,Arthur,Hudson,Dr,Training,ahudson7y@shareasale.com,7-(313)923-7508,1-(678)789-7004
W_Services_Account.849,W_Services_Contact.849,Shirley,Dixon,Rev,Business Development,sdixon7z@utexas.edu,260-(835)692-4990,62-(111)282-4565
W_Services_Account.855,W_Services_Contact.855,Adam,Fields,Honorable,Human Resources,afields80@multiply.com,351-(517)419-0838,371-(934)731-4613
W_Services_Account.857,W_Services_Contact.857,Earl,Gardner,Mr,Accounting,egardner81@un.org,46-(624)655-2894,86-(884)829-0489
W_Services_Account.858,W_Services_Contact.858,Melissa,Harvey,Ms,Training,mharvey82@reference.com,86-(245)107-1670,62-(912)597-6636
W_Services_Account.859,W_Services_Contact.859,Phyllis,Fuller,Mrs,Training,pfuller83@tiny.cc,27-(483)478-8317,970-(668)138-9289
W_Services_Account.862,W_Services_Contact.862,Chris,Murray,Honorable,Marketing,cmurray84@disqus.com,62-(269)504-5957,1-(775)990-6416
W_Services_Account.865,W_Services_Contact.865,Jane,Morgan,Mrs,Marketing,jmorgan85@umn.edu,51-(483)676-3934,48-(660)941-1807
W_Services_Account.870,W_Services_Contact.870,Lori,Frazier,Ms,Human Resources,lfrazier86@yandex.ru,7-(568)624-5270,595-(320)265-5520
W_Services_Account.871,W_Services_Contact.871,Jeremy,Torres,Dr,Training,jtorres87@reddit.com,420-(282)597-2439,86-(770)903-3705
W_Services_Account.873,W_Services_Contact.873,Patrick,Reyes,Dr,Business Development,preyes88@domainmarket.com,86-(621)199-8371,62-(986)280-2745
W_Services_Account.876,W_Services_Contact.876,Benjamin,Alexander,Mr,Sales,balexander89@yahoo.co.jp,386-(114)254-9284,420-(596)957-2810
W_Services_Account.878,W_Services_Contact.878,Craig,Rogers,Ms,Accounting,crogers8a@china.com.cn,86-(234)337-2014,48-(714)306-4461
W_Services_Account.879,W_Services_Contact.879,Brenda,Parker,Rev,Human Resources,bparker8b@princeton.edu,7-(192)975-4907,46-(431)728-6474
W_Services_Account.883,W_Services_Contact.883,Michelle,Hawkins,Rev,Human Resources,mhawkins8c@nhs.uk,63-(288)365-6626,7-(747)369-4664
W_Services_Account.888,W_Services_Contact.888,Cynthia,Gray,Mrs,Accounting,cgray8d@nyu.edu,48-(204)692-7463,47-(926)175-0639
W_Services_Account.893,W_Services_Contact.893,Craig,Harris,Mrs,Engineering,charris8e@rambler.ru,256-(132)895-2594,86-(910)160-8849
W_Services_Account.899,W_Services_Contact.899,Steve,Ellis,Dr,Accounting,sellis8f@baidu.com,53-(901)796-5206,86-(836)928-8270
W_Services_Account.905,W_Services_Contact.905,Fred,Webb,Ms,Sales,fwebb8g@time.com,48-(602)682-0722,48-(724)124-9653
W_Services_Account.907,W_Services_Contact.907,Jimmy,Torres,Honorable,Support,jtorres8h@google.com.br,7-(103)786-8267,387-(981)166-8916
W_Services_Account.917,W_Services_Contact.917,Rose,Ortiz,Dr,Accounting,rortiz8i@live.com,66-(231)177-1403,48-(148)400-6934
W_Services_Account.921,W_Services_Contact.921,Jane,Murray,Honorable,Accounting,jmurray8j@people.com.cn,63-(570)156-4808,63-(283)874-8645
W_Services_Account.922,W_Services_Contact.922,Antonio,Meyer,Rev,Research and Development,ameyer8k@aol.com,680-(249)824-2306,7-(418)997-1607
W_Services_Account.926,W_Services_Contact.926,Willie,Chavez,Honorable,Training,wchavez8l@sogou.com,509-(817)259-8299,351-(378)613-5919
W_Services_Account.928,W_Services_Contact.928,Emily,Crawford,Mr,Human Resources,ecrawford8m@jalbum.net,86-(926)489-3967,355-(290)445-7694
W_Services_Account.929,W_Services_Contact.929,Jonathan,Barnes,Rev,Marketing,jbarnes8n@umn.edu,63-(909)871-3029,56-(548)424-4238
W_Services_Account.930,W_Services_Contact.930,Albert,Burns,Ms,Engineering,aburns8o@si.edu,992-(766)170-4518,358-(830)592-1069
W_Services_Account.936,W_Services_Contact.936,Joyce,Oliver,Ms,Accounting,joliver8p@blogtalkradio.com,55-(211)941-1484,55-(583)293-0355
W_Services_Account.937,W_Services_Contact.937,Betty,Romero,Ms,Human Resources,bromero8q@buzzfeed.com,86-(793)854-7707,380-(631)402-1759
W_Services_Account.939,W_Services_Contact.939,Kathy,Wells,Honorable,Support,kwells8r@hugedomains.com,358-(791)411-8417,46-(930)430-8902
W_Services_Account.944,W_Services_Contact.944,Samuel,Miller,Dr,Product Management,smiller8s@boston.com,54-(777)986-1782,62-(424)432-8814
W_Services_Account.945,W_Services_Contact.945,Jacqueline,Richards,Dr,Training,jrichards8t@gizmodo.com,7-(556)908-5577,357-(671)108-8383
W_Services_Account.946,W_Services_Contact.946,Benjamin,Torres,Dr,Sales,btorres8u@mlb.com,55-(929)324-4039,62-(365)674-3151
W_Services_Account.947,W_Services_Contact.947,Sean,Moreno,Rev,Accounting,smoreno8v@yandex.ru,46-(953)940-8971,62-(592)590-7594
W_Services_Account.959,W_Services_Contact.959,Julie,Collins,Rev,Marketing,jcollins8w@homestead.com,86-(606)623-6282,86-(885)299-5268
W_Services_Account.965,W_Services_Contact.965,Louise,Kelley,Mr,Services,lkelley8x@theguardian.com,62-(639)435-9861,1-(303)557-9874
W_Services_Account.968,W_Services_Contact.968,Patricia,Carroll,Ms,Support,pcarroll8y@over-blog.com,970-(416)953-6530,232-(971)168-9340
W_Services_Account.978,W_Services_Contact.978,Anthony,Butler,Mrs,Human Resources,abutler8z@unesco.org,254-(356)881-0358,7-(688)986-8869
W_Services_Account.979,W_Services_Contact.979,Phillip,Martin,Dr,Training,pmartin90@thetimes.co.uk,54-(959)360-3466,63-(107)835-3609
W_Services_Account.987,W_Services_Contact.987,Donald,Martinez,Ms,Services,dmartinez91@slideshare.net,251-(878)830-2228,55-(509)726-6185
W_Services_Account.988,W_Services_Contact.988,Jonathan,Miller,Mrs,Marketing,jmiller92@fema.gov,60-(177)663-4329,62-(775)224-4929
W_Services_Account.990,W_Services_Contact.990,Pamela,Stephens,Dr,Support,pstephens93@pinterest.com,7-(620)714-0922,33-(871)292-9846
W_Services_Account.991,W_Services_Contact.991,Diane,West,Rev,Engineering,dwest94@china.com.cn,86-(517)631-0876,62-(176)840-7565
W_Services_Account.995,W_Services_Contact.995,Tina,Mcdonald,Honorable,Marketing,tmcdonald95@nature.com,55-(919)303-5230,33-(616)129-7426
W_Services_Account.997,W_Services_Contact.997,Diana,Young,Mr,Accounting,dyoung96@hibu.com,55-(595)783-2834,86-(394)887-8462
W_Services_Account.999,W_Services_Contact.999,Stephanie,Young,Honorable,Engineering,syoung97@devhub.com,33-(350)181-9618,81-(788)285-5745
W_Services_Account.1001,W_Services_Contact.1001,Pamela,Wallace,Mrs,Business Development,pwallace98@nydailynews.com,374-(310)789-0678,63-(199)595-7077
W_Services_Account.1003,W_Services_Contact.1003,Timothy,Reid,Honorable,Research and Development,treid99@purevolume.com,31-(886)195-4522,386-(339)126-9938
W_Services_Account.1004,W_Services_Contact.1004,Carol,Flores,Ms,Product Management,cflores9a@springer.com,30-(659)797-9752,34-(187)783-8072
W_Services_Account.1005,W_Services_Contact.1005,Heather,Edwards,Mr,Sales,hedwards9b@dmoz.org,86-(274)789-1902,351-(568)398-7268
W_Services_Account.1007,W_Services_Contact.1007,Catherine,Wood,Honorable,Research and Development,cwood9c@yolasite.com,46-(631)151-8560,86-(998)470-9458
W_Services_Account.1011,W_Services_Contact.1011,Alan,Mason,Mrs,Services,amason9d@google.com.hk,46-(330)874-6445,386-(775)895-3767
W_Services_Account.1012,W_Services_Contact.1012,Tammy,Gutierrez,Honorable,Legal,tgutierrez9e@sun.com,86-(257)373-4366,7-(350)272-5327
W_Services_Account.1013,W_Services_Contact.1013,Michelle,Kelley,Mr,Marketing,mkelley9f@studiopress.com,63-(493)726-7333,86-(625)721-6215
W_Services_Account.1014,W_Services_Contact.1014,Linda,Cooper,Rev,Sales,lcooper9g@nationalgeographic.com,86-(933)127-3571,351-(836)373-5838
W_Services_Account.1016,W_Services_Contact.1016,Judith,Ortiz,Dr,Services,jortiz9h@skyrock.com,86-(185)863-5747,54-(493)499-6371
W_Services_Account.1018,W_Services_Contact.1018,Norma,Morris,Mr,Support,nmorris9i@utexas.edu,7-(927)141-2587,386-(691)671-0018
W_Services_Account.1038,W_Services_Contact.1038,Paul,Ward,Dr,Services,pward9j@rediff.com,351-(700)872-2117,66-(940)460-5403
W_Services_Account.1040,W_Services_Contact.1040,Julie,Armstrong,Honorable,Training,jarmstrong9k@businesswire.com,49-(974)558-2090,380-(914)400-3085
W_Services_Account.1049,W_Services_Contact.1049,Fred,Berry,Honorable,Research and Development,fberry9l@gov.uk,420-(928)516-3795,46-(858)742-0271
W_Services_Account.1050,W_Services_Contact.1050,Carl,Warren,Dr,Sales,cwarren9m@deviantart.com,63-(273)196-1259,55-(610)431-0412
W_Services_Account.1053,W_Services_Contact.1053,Gary,Hart,Rev,Engineering,ghart9n@princeton.edu,63-(637)690-0245,86-(253)384-0525
W_Services_Account.1063,W_Services_Contact.1063,Peter,Gonzales,Honorable,Support,pgonzales9o@clickbank.net,86-(753)677-3336,86-(741)150-4016
W_Services_Account.1065,W_Services_Contact.1065,Anna,Palmer,Rev,Business Development,apalmer9p@ask.com,1-(433)807-5500,1-(212)299-8166
W_Services_Account.1071,W_Services_Contact.1071,Keith,Schmidt,Ms,Services,kschmidt9q@furl.net,48-(660)476-8650,48-(403)400-1264
W_Services_Account.1074,W_Services_Contact.1074,Thomas,Hart,Mrs,Business Development,thart9r@about.com,81-(366)225-7732,62-(554)712-4375
W_Services_Account.1077,W_Services_Contact.1077,Sarah,Hunter,Rev,Product Management,shunter9s@aboutads.info,49-(714)436-6815,63-(457)261-1161
W_Services_Account.1078,W_Services_Contact.1078,Angela,Berry,Ms,Engineering,aberry9t@businesswire.com,33-(892)927-2386,675-(416)711-8796
W_Services_Account.1081,W_Services_Contact.1081,Janet,Ruiz,Rev,Support,jruiz9u@home.pl,591-(319)707-1075,972-(779)572-8787
W_Services_Account.1087,W_Services_Contact.1087,Lori,Taylor,Ms,Services,ltaylor9v@state.gov,62-(615)154-2285,33-(330)515-2765
W_Services_Account.1089,W_Services_Contact.1089,Ronald,Mccoy,Mrs,Services,rmccoy9w@youtu.be,53-(756)909-6572,55-(455)937-8704
W_Services_Account.1092,W_Services_Contact.1092,Bruce,Schmidt,Honorable,Training,bschmidt9x@dmoz.org,992-(158)273-2634,98-(194)282-2794
W_Services_Account.1094,W_Services_Contact.1094,Ann,Wood,Mrs,Human Resources,awood9y@elpais.com,62-(361)812-1880,7-(141)746-9081
W_Services_Account.1096,W_Services_Contact.1096,Tina,Garza,Rev,Training,tgarza9z@europa.eu,351-(771)735-5613,86-(851)426-8870
W_Services_Account.1097,W_Services_Contact.1097,Bonnie,Banks,Ms,Engineering,bbanksa0@nsw.gov.au,7-(210)409-1783,1-(558)297-3865
